CREATE DATABASE stekhia;
USE stekhia;

CREATE TABLE usuario_login (
    id_login BIGINT PRIMARY KEY AUTO_INCREMENT,
    email_login VARCHAR(320) NOT NULL UNIQUE,
    senha_login VARCHAR(60) NOT NULL
);

CREATE TABLE checkpoint_mapa (
    id_checkpoint INT PRIMARY KEY AUTO_INCREMENT,
    nome_checkpoint VARCHAR(50),
    descricao_checkpoint VARCHAR(200)
);

CREATE TABLE jogador (
    id_jogador BIGINT PRIMARY KEY AUTO_INCREMENT,
    id_loginFK BIGINT NOT NULL,
    id_checkpointFK INT NOT NULL,
    nome_jogador VARCHAR(50) NOT NULL UNIQUE,
    status_conta_jogador VARCHAR(10),
    ultimo_login_jogador DATETIME,
    FOREIGN KEY (id_checkpointFK) REFERENCES checkpoint_mapa(id_checkpoint),
    FOREIGN KEY (id_loginFK) REFERENCES usuario_login(id_login)
);

CREATE TABLE item (
    id_item INT PRIMARY KEY AUTO_INCREMENT,
    nome_item VARCHAR(50),
    descricao_item VARCHAR(200)
);

CREATE TABLE raca (
    id_raca INT PRIMARY KEY AUTO_INCREMENT,
    nome_raca VARCHAR(50),
    descricao_raca VARCHAR(200)
);

CREATE TABLE classe (
    id_classe INT PRIMARY KEY AUTO_INCREMENT,
    nome_classe VARCHAR(50),
    descricao_classe VARCHAR(200)
);

CREATE TABLE habilidade (
    id_habilidade INT PRIMARY KEY AUTO_INCREMENT,
    nome_habilidade VARCHAR(30),
    descricao_classe VARCHAR(100)
);

CREATE TABLE atributo_jogador (
    id_atributo_jogador BIGINT PRIMARY KEY AUTO_INCREMENT,
    id_jogadorFK BIGINT,
    id_racaFK INT,
    id_classeFK INT,
    id_habilidadeFK INT,
    hp_jogador INT,
    xp_jogador INT,
    forca_jogador INT,
    foco_jogador INT,
    reflexo_jogador INT,
    mente_jogador INT,
    FOREIGN KEY (id_jogadorFK) REFERENCES jogador(id_jogador),
    FOREIGN KEY (id_racaFK) REFERENCES raca(id_raca),
    FOREIGN KEY (id_classeFK) REFERENCES classe(id_classe),
    FOREIGN KEY (id_habilidadeFK) REFERENCES habilidade(id_habilidade)
);

CREATE TABLE inventario_jogador (
    id_inventario BIGINT PRIMARY KEY AUTO_INCREMENT,
    id_jogadorFK BIGINT NOT NULL,
    id_itemFK INT,
    slot_inventario INT,
    quantidade_item INT,
    FOREIGN KEY (id_jogadorFK) REFERENCES jogador(id_jogador),
    FOREIGN KEY (id_itemFK) REFERENCES item(id_item)
);

CREATE TABLE npc (
    id_npc INT PRIMARY KEY AUTO_INCREMENT,
    nome_npc VARCHAR(50),
    descricao_npc VARCHAR(100)
);

CREATE TABLE amizade_jogador (
    id_amizade_npc VARCHAR(24) PRIMARY KEY,
    id_jogadorFK BIGINT,
    id_npcFK INT,
    pontos_amizade INT
);

-- Inserções para a tabela usuario_login (50 registros)
INSERT INTO usuario_login (email_login, senha_login) VALUES
('alice.smith@example.com', 'senha123abc'),
('bob.johnson@example.com', 'securepass456'),
('charlie.brown@example.com', 'mypassword789'),
('diana.prince@example.com', 'wonderwoman'),
('eva.green@example.com', 'secret007'),
('frank.white@example.com', 'passw0rd!'),
('grace.kelly@example.com', 'hollywoodstar'),
('henry.ford@example.com', 'carmania'),
('irene.adler@example.com', 'detectivegal'),
('jack.sparrow@example.com', 'pirateslife'),
('karen.jones@example.com', 'mykarenpass'),
('liam.neeson@example.com', 'takenbyforce'),
('mia.wallace@example.com', 'pulpfiction'),
('nora.roberts@example.com', 'writergirl'),
('oliver.queen@example.com', 'arrowgreen'),
('penelope.cruz@example.com', 'spanishbeauty'),
('quentin.tarantino@example.com', 'filmdirector'),
('rachel.green@example.com', 'friendsforever'),
('steve.rogers@example.com', 'captainamerica'),
('tina.turner@example.com', 'simplythebest'),
('ursula.vance@example.com', 'seawitch'),
('victor.lazlo@example.com', 'casablanca'),
('wendy.darling@example.com', 'neverlandkid'),
('xavier.mcnugget@example.com', 'chickenlover'),
('yara.greyjoy@example.com', 'ironborn'),
('zack.snyder@example.com', 'dceuqueen'),
('arthur.dent@example.com', 'hitchhikers'),
('bella.swan@example.com', 'twilightzone'),
('clark.kent@example.com', 'supermanfly'),
('daphne.blake@example.com', 'scoobydoo'),
('ethan.hunt@example.com', 'missionimpossible'),
('fiona.shrek@example.com', 'ogremarried'),
('gandalf.grey@example.com', 'you_shall_not_pass'),
('harry.potter@example.com', 'hogwartswiz'),
('indiana.jones@example.com', 'archeologist'),
('jessica.rabbit@example.com', 'imnotbad'),
('kirk.captain@example.com', 'startrekvoyage'),
('luke.skywalker@example.com', 'jedimaster'),
('morticia.addams@example.com', 'gothicqueen'),
('neo.matrix@example.com', 'thechosenone'),
('oprah.winfrey@example.com', 'talkshowhost'),
('peter.parker@example.com', 'spidermansuit'),
('queen.eliza@example.com', 'royalfamily'),
('ron.weasley@example.com', 'bestfriendever'),
('sarah.connor@example.com', 'terminatorfate'),
('tony.stark@example.com', 'iamironman'),
('umberto.eco@example.com', 'nametherose'),
('vito.corleone@example.com', 'thegodfather'),
('walter.white@example.com', 'heisenbergchem'),
('xena.warrior@example.com', 'princessfight');

-- Inserções para a tabela checkpoint_mapa (50 registros)
INSERT INTO checkpoint_mapa (nome_checkpoint, descricao_checkpoint) VALUES
('Floresta Antiga', 'Um local místico com árvores seculares.'),
('Caverna do Eco', 'Uma caverna escura onde o som reverbera misteriosamente.'),
('Montanha Congelada', 'Picos gelados e ventos cortantes.'),
('Deserto Escarlate', 'Areias vermelhas e sol impiedoso.'),
('Ruínas Esquecidas', 'Antigas construções tomadas pela natureza.'),
('Vila dos Sonhos', 'Uma pequena vila pacífica à beira de um lago.'),
('Pântano Sombrio', 'Águas turvas e criaturas ocultas.'),
('Cidade Subterrânea', 'Uma metrópole construída nas profundezas da terra.'),
('Porto da Esperança', 'Um porto movimentado com navios de todo o mundo.'),
('Templo Sagrado', 'Um lugar de devoção e mistérios ancestrais.'),
('Vale Esmeralda', 'Um vale exuberante com vegetação verdejante.'),
('Cânion Uivante', 'Um cânion profundo onde o vento faz sons estranhos.'),
('Cratera Ardente', 'Uma cratera vulcânica com lava borbulhante.'),
('Biblioteca Perdida', 'Uma vasta biblioteca cheia de conhecimento esquecido.'),
('Bosque Sussurrante', 'Uma floresta onde as árvores parecem conversar.'),
('Colinas Nevoentas', 'Colinas cobertas por uma névoa densa e constante.'),
('Torre do Mago', 'Uma torre alta onde um poderoso mago reside.'),
('Jardins Suspensos', 'Jardins flutuantes com flores raras.'),
('Rio Serpentino', 'Um rio que serpenteia por paisagens diversas.'),
('Mina Abandonada', 'Uma antiga mina de onde se extraíam minerais preciosos.'),
('Cidadela de Ferro', 'Uma fortaleza impenetrável construída em metal.'),
('Planície Dourada', 'Vastas planícies cobertas por grama amarelada.'),
('Labirinto de Espelhos', 'Um labirinto confuso feito de espelhos cintilantes.'),
('Oasis Secreto', 'Um refúgio escondido no coração do deserto.'),
('Ponte dos Lamentos', 'Uma ponte antiga por onde muitos viajantes passaram.'),
('Floresta de Cristal', 'Árvores e formações rochosas feitas de cristal.'),
('Mar de Nuvens', 'Um vasto oceano de nuvens onde ilhas flutuam.'),
('Cascata Gigante', 'Uma enorme cachoeira que deságua em um lago profundo.'),
('Campo de Batalha', 'Um local histórico de grandes confrontos.'),
('Santuário da Lua', 'Um santuário dedicado à deusa da lua.'),
('Túneis Esquecidos', 'Uma rede de túneis subterrâneos e pouco explorados.'),
('Pico do Dragão', 'O pico mais alto, dizem que dragões vivem lá.'),
('Floresta das Sombras', 'Uma floresta densa e escura com pouca luz solar.'),
('Desfiladeiro Ecoante', 'Um desfiladeiro com fortes ecos e formações rochosas imponentes.'),
('Cemitério Antigo', 'Um cemitério misterioso com tumbas e espíritos.'),
('Lago Congelado', 'Um lago completamente congelado, ótimo para patinar.'),
('Planície dos Gigantes', 'Um campo aberto onde criaturas gigantes costumam viver.'),
('Ruínas Subaquáticas', 'Ruínas de uma cidade antiga submersa no oceano.'),
('Bosque das Fadas', 'Um bosque mágico onde fadas e criaturas místicas habitam.'),
('Vila dos Pescadores', 'Uma pequena vila de pescadores à beira-mar.'),
('Fortaleza dos Anões', 'Uma fortaleza rochosa construída por anões.'),
('Pântano Venenoso', 'Um pântano perigoso com plantas e animais tóxicos.'),
('Mercado Central', 'Um mercado movimentado com produtos de todo o reino.'),
('Montanha Vulcânica', 'Uma montanha com um vulcão ativo.'),
('Vale da Meditação', 'Um vale tranquilo, ideal para meditação e descanso.'),
('Ponte Suspensa', 'Uma ponte precária que atravessa um abismo.'),
('Gruta do Tesouro', 'Uma gruta escondida que rumores dizem conter um grande tesouro.'),
('Floresta Gêmea', 'Duas florestas idênticas separadas por um rio.'),
('Templo do Sol', 'Um templo grandioso dedicado ao deus sol.'),
('Vila Oculta', 'Uma vila secreta, difícil de encontrar no mapa.');

-- Inserções para a tabela item (50 registros)
INSERT INTO item (nome_item, descricao_item) VALUES
('Espada Longa', 'Uma espada de aço afiada e equilibrada.'),
('Escudo de Madeira', 'Um escudo simples, mas eficaz contra ataques leves.'),
('Poção de Cura', 'Restaura uma pequena quantidade de HP.'),
('Arco Curto', 'Um arco leve para atiradores iniciantes.'),
('Aljava de Flechas', 'Contém 20 flechas para arcos.'),
('Armadura de Couro', 'Armadura flexível e leve, oferece proteção básica.'),
('Anel da Sorte', 'Aumenta ligeiramente a chance de encontrar itens raros.'),
('Botas da Velocidade', 'Aumenta temporariamente a velocidade de movimento.'),
('Cajado Mágico', 'Um cajado que amplifica feitiços elementares.'),
('Tomo Antigo', 'Um livro raro que concede conhecimento sobre habilidades.'),
('Adaga Venenosa', 'Uma adaga pequena que causa dano de veneno ao inimigo.'),
('Elmo de Ferro', 'Um capacete robusto que protege a cabeça.'),
('Luvas de Couro', 'Proteção para as mãos, aumenta a destreza.'),
('Amuleto da Proteção', 'Confere resistência a danos mágicos.'),
('Frasco de Mana', 'Restaura uma pequena quantidade de mana.'),
('Pão Duro', 'Um alimento simples que restaura um pouco da fome.'),
('Peixe Grelhado', 'Um alimento nutritivo que restaura HP e saciedade.'),
('Pedra da Visão', 'Revela inimigos ocultos por um curto período.'),
('Gema Brilhante', 'Uma gema valiosa que pode ser vendida.'),
('Mapa Antigo', 'Um mapa que mostra um local desconhecido.'),
('Kit de Primeiros Socorros', 'Contém bandagens e antissépticos para ferimentos leves.'),
('Bolsa de Moedas', 'Contém uma pequena quantidade de ouro.'),
('Chave Enferrujada', 'Pode abrir portas antigas e trancadas.'),
('Erva Medicinal', 'Ingrediente para fazer poções de cura.'),
('Fio de Seda', 'Material para confecção de roupas e armaduras leves.'),
('Pele de Lobo', 'Material de caça, pode ser vendido ou usado para artesanato.'),
('Presa de Javali', 'Item de caça, útil para criar armas rústicas.'),
('Cogumelo Venenoso', 'Um cogumelo que causa envenenamento ao ser ingerido.'),
('Tocha', 'Ilumina áreas escuras e afasta algumas criaturas.'),
('Cantil de Água', 'Contém água potável para longas jornadas.'),
('Binóculos', 'Permite observar alvos à distância.'),
('Apito de Caça', 'Atrai pequenas criaturas da floresta.'),
('Máscara Sombria', 'Uma máscara que esconde a identidade do usuário.'),
('Pergaminho de Teletransporte', 'Teleporta o usuário para um ponto seguro.'),
('Essência Elemental', 'Um material raro, usado em feitiços poderosos.'),
('Poção da Força', 'Aumenta temporariamente o atributo de força.'),
('Elixir do Foco', 'Aumenta temporariamente o atributo de foco.'),
('Bebida do Reflexo', 'Aumenta temporariamente o atributo de reflexo.'),
('Tônico da Mente', 'Aumenta temporariamente o atributo de mente.'),
('Armadilha de Urso', 'Pode ser colocada para imobilizar inimigos.'),
('Vara de Pesca', 'Permite pescar em rios e lagos.'),
('Lupa', 'Ajuda a encontrar pequenos detalhes em objetos.'),
('Diário Antigo', 'Um diário com anotações e segredos.'),
('Semente da Vida', 'Pode ser plantada para gerar uma planta curativa.'),
('Saco de Gemas', 'Uma bolsa cheia de gemas variadas.'),
('Pena de Grifo', 'Uma pena rara de um grifo, muito valiosa.'),
('Cordame Robusto', 'Uma corda forte para escalada ou amarração.'),
('Cincel Afiado', 'Ferramenta para entalhar madeira ou pedra.'),
('Símbolo Sagrado', 'Um símbolo que protege contra energias negativas.'),
('Escamas de Dragão', 'Escamas muito raras e resistentes, ideais para armaduras lendárias.');

-- Inserções para a tabela raca (50 registros)
INSERT INTO raca (nome_raca, descricao_raca) VALUES
('Humano', 'Uma raça versátil e adaptável, com grande potencial.'),
('Elfo', 'Seres graciosos e longevos, com afinidade mágica.'),
('Anão', 'Trabalhadores incansáveis, mestres em mineração e forja.'),
('Orc', 'Guerreiros brutais e fortes, com grande resistência.'),
('Goblin', 'Pequenos e astutos, com talento para armadilhas e furtividade.'),
('Minotauro', 'Criaturas grandes e poderosas, com chifres imponentes.'),
('Centauro', 'Metade humano, metade cavalo, excelentes arqueiros e batedores.'),
('Sereia', 'Habitantes dos oceanos, com beleza e canto hipnotizantes.'),
('Fauno', 'Criaturas da floresta, com chifres e pernas de cabra, amantes da natureza.'),
('Gnomo', 'Pequenos inventores e engenheiros, com mentes brilhantes.'),
('Draconato', 'Humanoides com traços de dragão, fortes e com bafo elemental.'),
('Tiefling', 'Humanoides com herança demoníaca, com habilidades sombrias.'),
('Halfling', 'Pequenos e alegres, com sorte e furtividade.'),
('Lizardfolk', 'Humanoides reptilianos, adaptados a pântanos e águas.'),
('Meio-Elfo', 'Mistura de humanos e elfos, herdam o melhor de ambos.'),
('Meio-Orc', 'Descendentes de orcs e humanos, com força bruta e inteligência.'),
('Aasimar', 'Humanoides com herança celestial, com habilidades de cura e luz.'),
('Goliath', 'Gigantes da montanha, fortes e resistentes ao frio.'),
('Kenku', 'Pessoas-corvo, sem voz própria, mas mestres em imitação.'),
('Tabaxi', 'Pessoas-gato, ágeis e curiosos, com sentidos apurados.'),
('Genasi (Ar)', 'Conectados ao elemento ar, ágéis e com controle sobre o vento.'),
('Genasi (Terra)', 'Conectados ao elemento terra, fortes e resilientes.'),
('Genasi (Fogo)', 'Conectados ao elemento fogo, impulsivos e com poder de fogo.'),
('Genasi (Água)', 'Conectados ao elemento água, calmos e com controle sobre a água.'),
('Changeling', 'Mestres da disfarce, podem mudar sua aparência à vontade.'),
('Grung', 'Sapose humanoides, com pele venenosa e agilidade aquática.'),
('Kalashtar', 'Seres que compartilham a mente com espíritos, psíquicos.'),
('Loxodon', 'Humanoides-elefante, fortes e de boa memória.'),
('Simic Hybrid', 'Humanoides modificados com traços animais, versáteis.'),
('Vedalken', 'Azuis e inteligentes, com grande aptidão para a lógica e ciência.'),
('Warforged', 'Construtos autoconscientes, criados para a guerra.'),
('Yuan-ti Pureblood', 'Humanoides com traços de cobra, astutos e com magias serpentinas.'),
('Kobold', 'Pequenos e covardes, mas astutos e leais ao seu clã.'),
('Gnoll', 'Humanoides hienas, selvagens e caçadores implacáveis.'),
('Bugbear', 'Grandes goblins, fortes e furtivos.'),
('Hobgoblin', 'Guerreiros disciplinados e estratégicos.'),
('Sahuagin', 'Humanoides-tubarão, predadores marinhos.'),
('Drow', 'Elfos negros, habitantes do subterrâneo, com magias sombrias.'),
('Githyanki', 'Guerreiros psíquicos, caçadores de mentes.'),
('Githzerai', 'Monges psíquicos, mestres da disciplina e da mente.'),
('Aarakocra', 'Pessoas-pássaro, capazes de voar e com agilidade no ar.'),
('Triton', 'Pessoas-peixe, defensores dos oceanos, com controle sobre a água.'),
('Gith', 'Antigos escravos dos Ilithids, divididos em Githyanki e Githzerai.'),
('Loxodonte', 'Humanoides-elefante, fortes e de boa memória.'), -- Repetição intencional, pode ser um subtipo ou apenas um erro
('Vampiro', 'Mortos-vivos sedentos por sangue, com poderes sobrenaturais.'),
('Lobisomem', 'Humanoides capazes de se transformar em lobo, com força e sentidos aguçados.'),
('Zumbi', 'Mortos-vivos lentos, mas persistentes.'),
('Esqueleto', 'Reanimações esqueléticas, com resistência física.'),
('Fantasma', 'Espíritos incorpóreos, capazes de atravessar objetos.'),
('Gárgula', 'Estátuas de pedra animadas, guardiões imponentes.');

-- Inserções para a tabela classe (50 registros)
INSERT INTO classe (nome_classe, descricao_classe) VALUES
('Guerreiro', 'Um mestre do combate físico, especialista em armas e armaduras.'),
('Mago', 'Um usuário de magia que domina as artes arcanas para conjurar feitiços poderosos.'),
('Ladrão', 'Ágil e furtivo, especialista em discrição, armadilhas e roubo.'),
('Clérigo', 'Um devoto de uma divindade, capaz de curar e proteger aliados.'),
('Bárbaro', 'Um combatente selvagem, movido pela fúria em batalha.'),
('Bardo', 'Um artista carismático, que usa música e palavras para inspirar e encantar.'),
('Paladino', 'Um guerreiro sagrado, que serve a uma causa justa e defende os inocentes.'),
('Patrulheiro', 'Um mestre da sobrevivência na natureza, rastreador e arqueiro.'),
('Monge', 'Um praticante de artes marciais, que usa o ki para realizar feitos extraordinários.'),
('Bruxo', 'Um conjurador de magia que faz pactos com seres poderosos para obter poder.'),
('Feiticeiro', 'Um conjurador de magia inata, com talento natural para a magia.'),
('Druida', 'Um guardião da natureza, capaz de se transformar em animais e controlar elementos.'),
('Lutador', 'Um pugilista habilidoso, que usa apenas os punhos em combate.'),
('Arqueiro', 'Um atirador preciso, especialista em arcos e flechas.'),
('Ninja', 'Um assassino furtivo e ágil, mestre em shurikens e katanas.'),
('Cavaleiro', 'Um guerreiro montado, com armadura pesada e lança.'),
('Necromante', 'Um mago que domina a magia da morte e controla mortos-vivos.'),
('Ilusionista', 'Um mago que cria ilusões complexas para enganar e confundir.'),
('Invocador', 'Um mago que conjura criaturas de outros planos para lutar por ele.'),
('Alquimista', 'Um estudioso de poções e elixires, capaz de criar substâncias mágicas.'),
('Batalhador', 'Um lutador de rua, mestre em improvisação e combate desarmado.'),
('Mercenário', 'Um guerreiro que luta por ouro, sem lealdade a nenhuma causa.'),
('Espadachim', 'Um mestre da espada, com movimentos graciosos e mortais.'),
('Batedor', 'Um explorador, especialista em reconhecimento e sobrevivência.'),
('Guardião', 'Um defensor incansável, que protege seus aliados a todo custo.'),
('Executor', 'Um assassino frio e calculista, que cumpre suas ordens sem hesitação.'),
('Inquisidor', 'Um clérigo que caça hereges e criaturas das sombras.'),
('Xamã', 'Um conjurador que se comunica com espíritos e elementais.'),
('Buscador', 'Um aventureiro que procura por artefatos e tesouros perdidos.'),
('Duelista', 'Um combatente que se destaca em duelos um contra um.'),
('Berserker', 'Um guerreiro que entra em um estado de fúria incontrolável.'),
('Vigarista', 'Um ladrão com talento para enganar e ludibriar.'),
('Curandeiro', 'Um clérigo focado em curar e restaurar a vitalidade.'),
('Encantador', 'Um mago que manipula mentes e emoções.'),
('Transmutador', 'Um mago que altera a forma de objetos e criaturas.'),
('Conjurador', 'Um usuário de magia que se especializa em evocar forças elementais.'),
('Bardo de Batalha', 'Um bardo que usa sua música para fortalecer aliados em combate.'),
('Sentinela', 'Um patrulheiro que protege uma área ou fronteira.'),
('Andarilho', 'Um patrulheiro que explora e se adapta a qualquer ambiente.'),
('Mestre das Sombras', 'Um ladrão que usa as sombras para se mover sem ser visto.'),
('Pistoleiro', 'Um combatente que usa armas de fogo com grande destreza.'),
('Treinador de Bestas', 'Um patrulheiro que domestica e luta ao lado de animais.'),
('Explorador', 'Um aventureiro que desbrava novos territórios.'),
('Defensor', 'Um guerreiro focado em proteger seus companheiros.'),
('Mago de Guerra', 'Um mago que combina magia com combate corpo a corpo.'),
('Teurgo', 'Um conjurador que combina magia divina e arcana.'),
('Caçador de Recompensas', 'Um combatente que persegue e captura alvos por dinheiro.'),
('Boticário', 'Um especialista em ervas e remédios.'),
('Mestre de Armas', 'Um guerreiro que domina o uso de todas as armas.'),
('Oráculo', 'Um clérigo que recebe visões e profecias de sua divindade.');

-- Inserções para a tabela habilidade (50 registros)
INSERT INTO habilidade (nome_habilidade, descricao_classe) VALUES
('Golpe Poderoso', 'Um ataque físico que causa dano massivo.'),
('Bola de Fogo', 'Lança uma bola de fogo que explode ao contato.'),
('Furtividade Aprimorada', 'Permite se mover sem ser detectado.'),
('Cura Rápida', 'Cura ferimentos rapidamente.'),
('Grito de Batalha', 'Inspira aliados e assusta inimigos.'),
('Canção de Cura', 'Uma canção que cura os ouvintes.'),
('Aura de Proteção', 'Cria uma aura que protege aliados.'),
('Disparo Preciso', 'Um tiro de arco que acerta o alvo com perfeição.'),
('Punho de Ferro', 'Aumenta o dano de ataques desarmados.'),
('Pacto Sombrio', 'Evoca energia sombria para atacar inimigos.'),
('Raio Congelante', 'Dispara um raio de gelo que desacelera o inimigo.'),
('Forma Animal', 'Transforma o usuário em um animal.'),
('Investida Furiosa', 'Carrega em direção ao inimigo, derrubando-o.'),
('Ataque Furtivo', 'Causa dano extra em inimigos desavisados.'),
('Benção Divina', 'Concede bençãos divinas a aliados.'),
('Inspiração Bárdica', 'Inspira aliados a superar desafios.'),
('Defesa Perfeita', 'Bloqueia totalmente o próximo ataque.'),
('Flecha Explosiva', 'Dispara uma flecha que explode ao atingir.'),
('Golpe de Ki', 'Um ataque místico impulsionado por energia ki.'),
('Maldição do Covil', 'Amaldiçoa uma área, causando dano ao longo do tempo.'),
('Escudo de Mana', 'Cria um escudo que absorve dano mágico.'),
('Crescimento Selvagem', 'Faz plantas crescerem rapidamente, imobilizando inimigos.'),
('Corte Giratório', 'Um ataque giratório que atinge múltiplos inimigos.'),
('Desarmar Armadilha', 'Desativa armadilhas com maestria.'),
('Reanimar Mortos', 'Traz de volta um corpo para lutar por você.'),
('Ilusão Perfeita', 'Cria uma ilusão tão real que engana a todos.'),
('Invocação Elemental', 'Invoca um elemental para lutar ao seu lado.'),
('Poção da Superforça', 'Cria uma poção que concede força sobre-humana.'),
('Ataque Brutal', 'Um ataque devastador que ignora parte da armadura.'),
('Arremesso de Facas', 'Arremessa várias facas em múltiplos alvos.'),
('Mão Curativa', 'Toca um aliado e o cura profundamente.'),
('Encanto Hipnótico', 'Hipnotiza um inimigo, fazendo-o parar de lutar.'),
('Transmutação de Objeto', 'Transforma um objeto em outro.'),
('Evocação Caótica', 'Cria um efeito mágico imprevisível e poderoso.'),
('Hino de Batalha', 'Um hino que aumenta o dano de ataque dos aliados.'),
('Rastreamento Perfeito', 'Encontra rastros de qualquer criatura.'),
('Camuflagem Total', 'Se mistura completamente ao ambiente, tornando-se invisível.'),
('Evasão Rápida', 'Desvia de ataques com agilidade surpreendente.'),
('Bloqueio Pesado', 'Usa o escudo para bloquear ataques fortes.'),
('Tiro Múltiplo', 'Atira várias flechas de uma vez em diferentes alvos.'),
('Golpe de Misericórdia', 'Um golpe final que incapacita inimigos.'),
('Vigor Natural', 'Aumenta a resistência a doenças e venenos.'),
('Ataque Voador', 'Um ataque aéreo rápido e certeiro.'),
('Lâmina Sombria', 'Cria uma lâmina feita de sombras para combate.'),
('Canto do Sereio', 'Um canto que atrai e encanta criaturas aquáticas.'),
('Rugido Ameaçador', 'Um rugido que intimida e causa medo em inimigos.'),
('Olhar Petrificante', 'Um olhar que pode transformar inimigos em pedra.'),
('Sussurro da Morte', 'Um sussurro que drena a vida dos inimigos.'),
('Fôlego Dracônico', 'Um ataque elemental com o fôlego de um dragão.'),
('Desvio Perfeito', 'Desvia de projéteis com maestria.');

-- Inserções para a tabela npc (50 registros)
INSERT INTO npc (nome_npc, descricao_npc) VALUES
('Aldeão João', 'Um fazendeiro que vive nos arredores da vila.'),
('Mago Merlin', 'Um velho e sábio mago recluso na torre.'),
('Ferreiro Barbas', 'O melhor ferreiro da região, um pouco mal-humorado.'),
('Guarda Thomas', 'Um guarda fiel que patrulha os portões da cidade.'),
('Comerciante Sofia', 'Uma comerciante ambulante com muitos itens raros.'),
('Taberneiro Bob', 'Dono da taverna local, sempre com uma boa história.'),
('Curandeira Elena', 'Uma curandeira habilidosa, sempre pronta para ajudar.'),
('Aventureiro Leo', 'Um jovem aventureiro em busca de glória.'),
('Sacerdotisa Lira', 'Uma devota no templo, com um coração puro.'),
('Ladrão Sombra', 'Um ladrão elusivo que opera nas sombras da cidade.'),
('Capitão Rick', 'O capitão dos guardas, um líder justo.'),
('Princesa Aurora', 'A princesa do reino, muito bondosa e amada.'),
('Rei Arthur', 'O governante do reino, sábio e justo.'),
('Rainha Elisabeth', 'A rainha, conhecida por sua beleza e inteligência.'),
('Bardo Melodia', 'Um bardo talentoso que encanta a todos com sua música.'),
('Ancião Cronos', 'O ancião da vila, detentor de vasto conhecimento.'),
('Caçador Bart', 'Um caçador experiente da floresta.'),
('Erudito Dr. Albin', 'Um estudioso da história antiga.'),
('Druida Flora', 'Uma druida que vive em harmonia com a natureza.'),
('Guerreiro Thor', 'Um guerreiro lendário, conhecido por sua força.'),
('Mestra Elara', 'Uma mestra de artes marciais.'),
('Jardineiro Liam', 'Um jardineiro que cuida dos jardins reais.'),
('Pescador Silas', 'Um velho pescador que conhece todos os segredos do rio.'),
('Minerador Boris', 'Um anão minerador que vive nas montanhas.'),
('Exploradora Maya', 'Uma exploradora destemida que desbrava terras desconhecidas.'),
('Cozinheira Petra', 'A melhor cozinheira do reino, com pratos deliciosos.'),
('Contador de Histórias Guto', 'Sempre tem uma nova história para contar.'),
('Guia Turístico Fred', 'Ajuda viajantes a se orientarem na cidade.'),
('Líder Orc Grul', 'O líder de um clã de orcs nas montanhas.'),
('Espião Corvo', 'Um espião que trabalha nas sombras, com muitas informações.'),
('Construtor Max', 'Um mestre construtor que edifica casas e muralhas.'),
('Mensageiro Kiko', 'Um mensageiro rápido que entrega recados.'),
('Treinador de Animais Zara', 'Treina animais para batalha e companhia.'),
('Arqueiro Legolas', 'Um arqueiro elfo, com mira impecável.'),
('Vendedor Ambulante Omar', 'Um vendedor que viaja com suas mercadorias.'),
('Membro da Guilda dos Ladrões', 'Um membro da guilda de ladrões, furtivo e perigoso.'),
('Guardião da Floresta', 'Um espírito protetor da floresta.'),
('Fada Cintilante', 'Uma fada travessa que vive no bosque encantado.'),
('Duende Zombeteiro', 'Um duende que adora pregar peças.'),
('Fantasma Lamentoso', 'Um fantasma que assombra as ruínas.'),
('Gárgula Sentinela', 'Uma gárgula que guarda um tesouro.'),
('Goblin Curioso', 'Um goblin que se intromete em tudo.'),
('Minotauro Solitário', 'Um minotauro que vive isolado no labirinto.'),
('Sereia Encantadora', 'Uma sereia que canta para os marinheiros.'),
('Centauro Patrulheiro', 'Um centauro que patrulha as planícies.'),
('Anão Engenheiro', 'Um anão com talento para máquinas e invenções.'),
('Dragão Adormecido', 'Um dragão que dorme em uma montanha vulcânica.'),
('Bruxa Márcia', 'Uma bruxa que vive na floresta sombria.'),
('Vampiro Noturno', 'Um vampiro que vaga pela noite.'),
('Lobisomem Uivador', 'Um lobisomem que aterroriza a floresta.');

-- Inserções para a tabela jogador (50 registros)
INSERT INTO jogador (id_loginFK, id_checkpointFK, nome_jogador, status_conta_jogador, ultimo_login_jogador) VALUES
(1, 1, 'HeroicoArthur', 'Ativa', '2025-06-16 10:00:00'),
(2, 2, 'SombraSilenciosa', 'Ativa', '2025-06-16 10:15:00'),
(3, 3, 'MagoArcano', 'Ativa', '2025-06-16 10:30:00'),
(4, 4, 'ValenteDiana', 'Ativa', '2025-06-16 10:45:00'),
(5, 5, 'FeiticeiraEva', 'Ativa', '2025-06-16 11:00:00'),
(6, 6, 'GuerreiroFrank', 'Ativa', '2025-06-16 11:15:00'),
(7, 7, 'GuardiãGrace', 'Ativa', '2025-06-16 11:30:00'),
(8, 8, 'EngenheiroHenry', 'Ativa', '2025-06-16 11:45:00'),
(9, 9, 'DetetiveIrene', 'Ativa', '2025-06-16 12:00:00'),
(10, 10, 'PirataJack', 'Ativa', '2025-06-16 12:15:00'),
(11, 11, 'ArqueiraKaren', 'Ativa', '2025-06-16 12:30:00'),
(12, 12, 'DefensorLiam', 'Ativa', '2025-06-16 12:45:00'),
(13, 13, 'DançarinaMia', 'Ativa', '2025-06-16 13:00:00'),
(14, 14, 'CronistaNora', 'Ativa', '2025-06-16 13:15:00'),
(15, 15, 'ArqueiroVerde', 'Ativa', '2025-06-16 13:30:00'),
(16, 16, 'ArtistaPenelope', 'Ativa', '2025-06-16 13:45:00'),
(17, 17, 'DiretorQuentin', 'Ativa', '2025-06-16 14:00:00'),
(18, 18, 'AmigaRachel', 'Ativa', '2025-06-16 14:15:00'),
(19, 19, 'CapitãoAmerica', 'Ativa', '2025-06-16 14:30:00'),
(20, 20, 'CantoraTina', 'Ativa', '2025-06-16 14:45:00'),
(21, 21, 'BruxaUrsula', 'Inativa', '2025-06-15 09:00:00'),
(22, 22, 'CavalheiroVictor', 'Ativa', '2025-06-16 15:00:00'),
(23, 23, 'SonhadoraWendy', 'Ativa', '2025-06-16 15:15:00'),
(24, 24, 'AventureiroXavier', 'Ativa', '2025-06-16 15:30:00'),
(25, 25, 'GuerreiraYara', 'Ativa', '2025-06-16 15:45:00'),
(26, 26, 'CineastaZack', 'Ativa', '2025-06-16 16:00:00'),
(27, 27, 'ViajanteArthur', 'Ativa', '2025-06-16 16:15:00'),
(28, 28, 'VampiraBella', 'Ativa', '2025-06-16 16:30:00'),
(29, 29, 'SuperClark', 'Ativa', '2025-06-16 16:45:00'),
(30, 30, 'DetetiveDaphne', 'Ativa', '2025-06-16 17:00:00'),
(31, 31, 'AgenteEthan', 'Ativa', '2025-06-16 17:15:00'),
(32, 32, 'OgrosaFiona', 'Ativa', '2025-06-16 17:30:00'),
(33, 33, 'MagoGandalf', 'Ativa', '2025-06-16 17:45:00'),
(34, 34, 'BruxoHarry', 'Ativa', '2025-06-16 18:00:00'),
(35, 35, 'ArqueologoIndi', 'Ativa', '2025-06-16 18:15:00'),
(36, 36, 'CantoraJessica', 'Ativa', '2025-06-16 18:30:00'),
(37, 37, 'ComandanteKirk', 'Ativa', '2025-06-16 18:45:00'),
(38, 38, 'JediLuke', 'Ativa', '2025-06-16 19:00:00'),
(39, 39, 'GoticaMorticia', 'Ativa', '2025-06-16 19:15:00'),
(40, 40, 'EscolhoNeo', 'Ativa', '2025-06-16 19:30:00'),
(41, 41, 'ApresentadoraOprah', 'Ativa', '2025-06-16 19:45:00'),
(42, 42, 'AranhaPeter', 'Ativa', '2025-06-16 20:00:00'),
(43, 43, 'ReiRainhaEliza', 'Inativa', '2025-06-15 10:00:00'),
(44, 44, 'AmigoRon', 'Ativa', '2025-06-16 20:15:00'),
(45, 45, 'FuturaSarah', 'Ativa', '2025-06-16 20:30:00'),
(46, 46, 'HomemFerroTony', 'Ativa', '2025-06-16 20:45:00'),
(47, 47, 'EscritorUmberto', 'Ativa', '2025-06-16 21:00:00'),
(48, 48, 'ChefãoVito', 'Ativa', '2025-06-16 21:15:00'),
(49, 49, 'QuimicoWalter', 'Ativa', '2025-06-16 21:30:00'),
(50, 50, 'GuerreiraXena', 'Ativa', '2025-06-16 21:45:00');

-- Inserções para a tabela atributo_jogador (50 registros)
INSERT INTO atributo_jogador (id_jogadorFK, id_racaFK, id_classeFK, id_habilidadeFK, hp_jogador, xp_jogador, forca_jogador, foco_jogador, reflexo_jogador, mente_jogador) VALUES
(1, 1, 1, 1, 1500, 1000, 80, 50, 60, 40),
(2, 2, 3, 3, 1200, 950, 40, 70, 90, 60),
(3, 3, 2, 2, 1100, 980, 30, 90, 50, 80),
(4, 4, 1, 1, 1600, 1100, 85, 45, 55, 35),
(5, 5, 2, 2, 1150, 990, 35, 88, 52, 75),
(6, 6, 1, 1, 1550, 1050, 82, 48, 62, 42),
(7, 7, 4, 4, 1400, 920, 60, 75, 50, 70),
(8, 8, 10, 10, 1000, 800, 30, 80, 40, 90),
(9, 9, 3, 3, 1250, 960, 45, 65, 85, 55),
(10, 10, 1, 1, 1450, 1020, 75, 55, 65, 45),
(11, 11, 8, 8, 1300, 900, 50, 60, 80, 60),
(12, 12, 6, 6, 1350, 930, 55, 70, 70, 65),
(13, 13, 3, 3, 1180, 940, 42, 68, 88, 58),
(14, 14, 7, 7, 1420, 1010, 65, 72, 58, 68),
(15, 15, 8, 8, 1320, 910, 52, 62, 78, 62),
(16, 16, 6, 6, 1370, 945, 57, 68, 72, 67),
(17, 17, 2, 2, 1130, 970, 32, 92, 53, 78),
(18, 18, 4, 4, 1410, 935, 62, 73, 53, 73),
(19, 19, 1, 1, 1580, 1080, 83, 47, 57, 37),
(20, 20, 6, 6, 1390, 955, 59, 69, 74, 69),
(21, 21, 5, 5, 1700, 1200, 90, 30, 40, 20),
(22, 22, 1, 1, 1480, 1030, 78, 52, 68, 48),
(23, 23, 9, 9, 1280, 890, 48, 63, 82, 63),
(24, 24, 10, 10, 1050, 850, 38, 83, 43, 85),
(25, 25, 1, 1, 1620, 1120, 87, 43, 53, 33),
(26, 26, 2, 2, 1170, 1000, 37, 86, 57, 77),
(27, 27, 3, 3, 1220, 970, 47, 67, 87, 57),
(28, 28, 11, 11, 1080, 870, 35, 78, 48, 88),
(29, 29, 1, 1, 1650, 1150, 89, 41, 51, 31),
(30, 30, 3, 3, 1210, 980, 49, 69, 89, 59),
(31, 31, 12, 12, 1330, 925, 53, 64, 76, 64),
(32, 32, 5, 5, 1680, 1180, 92, 38, 48, 28),
(33, 33, 2, 2, 1190, 1010, 39, 89, 59, 79),
(34, 34, 2, 2, 1200, 1020, 40, 90, 60, 80),
(35, 35, 8, 8, 1270, 880, 47, 58, 77, 57),
(36, 36, 6, 6, 1360, 930, 56, 66, 71, 66),
(37, 37, 1, 1, 1530, 1060, 81, 49, 61, 41),
(38, 38, 9, 9, 1290, 895, 49, 64, 83, 64),
(39, 39, 11, 11, 1070, 860, 36, 77, 46, 87),
(40, 40, 12, 12, 1340, 915, 54, 65, 75, 65),
(41, 41, 4, 4, 1430, 940, 63, 74, 54, 74),
(42, 42, 3, 3, 1230, 990, 50, 70, 90, 60),
(43, 43, 7, 7, 1470, 1040, 67, 76, 56, 76),
(44, 44, 4, 4, 1440, 950, 64, 75, 55, 75),
(45, 45, 1, 1, 1570, 1090, 84, 46, 56, 36),
(46, 46, 10, 10, 1060, 865, 37, 84, 44, 86),
(47, 47, 2, 2, 1140, 975, 34, 91, 51, 76),
(48, 48, 5, 5, 1690, 1190, 91, 39, 49, 29),
(49, 49, 11, 11, 1090, 880, 36, 79, 49, 89),
(50, 50, 1, 1, 1630, 1130, 88, 42, 52, 32);

-- Inserções para a tabela inventario_jogador (50 registros)
INSERT INTO inventario_jogador (id_jogadorFK, id_itemFK, slot_inventario, quantidade_item) VALUES
(1, 1, 1, 1),
(1, 3, 2, 5),
(2, 5, 1, 20),
(2, 6, 2, 1),
(3, 9, 1, 1),
(3, 10, 2, 1),
(4, 1, 1, 1),
(4, 2, 2, 1),
(5, 15, 1, 3),
(5, 16, 2, 10),
(6, 1, 1, 1),
(6, 4, 2, 1),
(7, 4, 1, 1),
(7, 12, 2, 1),
(8, 13, 1, 1),
(8, 14, 2, 1),
(9, 17, 1, 7),
(9, 18, 2, 1),
(10, 19, 1, 1),
(10, 20, 2, 1),
(11, 21, 1, 2),
(11, 22, 2, 50),
(12, 23, 1, 1),
(12, 24, 2, 15),
(13, 25, 1, 8),
(13, 26, 2, 3),
(14, 27, 1, 4),
(14, 28, 2, 2),
(15, 29, 1, 1),
(15, 30, 2, 1),
(16, 31, 1, 1),
(16, 32, 2, 1),
(17, 33, 1, 1),
(17, 34, 2, 1),
(18, 35, 1, 1),
(18, 36, 2, 1),
(19, 37, 1, 1),
(19, 38, 2, 1),
(20, 39, 1, 1),
(20, 40, 2, 1),
(21, 1, 1, 1),
(22, 3, 2, 5),
(23, 5, 1, 20),
(24, 6, 2, 1),
(25, 9, 1, 1),
(26, 10, 2, 1),
(27, 1, 1, 1),
(28, 2, 2, 1),
(29, 15, 1, 3),
(30, 16, 2, 10);

-- Inserções para a tabela amizade_jogador (50 registros)
INSERT INTO amizade_jogador (id_amizade_npc, id_jogadorFK, id_npcFK, pontos_amizade) VALUES
('1-1', 1, 1, 100),
('2-2', 2, 2, 80),
('3-3', 3, 3, 90),
('4-4', 4, 4, 120),
('5-5', 5, 5, 70),
('6-6', 6, 6, 110),
('7-7', 7, 7, 95),
('8-8', 8, 8, 85),
('9-9', 9, 9, 105),
('10-10', 10, 10, 75),
('11-11', 11, 11, 130),
('12-12', 12, 12, 60),
('13-13', 13, 13, 140),
('14-14', 14, 14, 50),
('15-15', 15, 15, 150),
('16-16', 16, 16, 40),
('17-17', 17, 17, 160),
('18-18', 18, 18, 30),
('19-19', 19, 19, 170),
('20-20', 20, 20, 20),
('21-21', 21, 21, 100),
('22-22', 22, 22, 80),
('23-23', 23, 23, 90),
('24-24', 24, 24, 120),
('25-25', 25, 25, 70),
('26-26', 26, 26, 110),
('27-27', 27, 27, 95),
('28-28', 28, 28, 85),
('29-29', 29, 29, 105),
('30-30', 30, 30, 75),
('31-31', 31, 31, 130),
('32-32', 32, 32, 60),
('33-33', 33, 33, 140),
('34-34', 34, 34, 50),
('35-35', 35, 35, 150),
('36-36', 36, 36, 40),
('37-37', 37, 37, 160),
('38-38', 38, 38, 30),
('39-39', 39, 39, 170),
('40-40', 40, 40, 20),
('41-41', 41, 41, 100),
('42-42', 42, 42, 80),
('43-43', 43, 43, 90),
('44-44', 44, 44, 120),
('45-45', 45, 45, 70),
('46-46', 46, 46, 110),
('47-47', 47, 47, 95),
('48-48', 48, 48, 85),
('49-49', 49, 49, 105),
('50-50', 50, 50, 75);

-- mostra tudo das tabelas a seguir:
SELECT * FROM usuario_login AS Usuarios;
SELECT * FROM jogador;
SELECT * FROM atributo_jogador AS Atributos;

-- mostra email, senha e nome de todos os jogadores
SELECT
    ul.email_login AS email,
    ul.senha_login AS senha,
    j.nome_jogador AS nome
FROM usuario_login AS ul
INNER JOIN jogador AS j
ON ul.id_login = j.id_loginFK
ORDER BY ul.id_login;

-- mostra o jogador, o slot do inventario, o nome do item e a quantidade dele 
SELECT
    j.nome_jogador,
    inv.slot_inventario,
    it.nome_item,
    inv.quantidade_item
FROM jogador AS j
INNER JOIN inventario_jogador AS inv
ON j.id_jogador = inv.id_jogadorFK
INNER JOIN item AS it
ON it.id_item = inv.id_itemFK
ORDER BY j.id_jogador;

-- mostra o nome do jogador e seus atributos
SELECT
    j.nome_jogador AS nome,
    r.nome_raca AS raca,
    c.nome_classe AS classe,
    h.nome_habilidade AS habilidade,
    aj.hp_jogador AS hp,
    aj.xp_jogador AS xp,
    aj.forca_jogador AS forca,
    aj.foco_jogador AS foco,
    aj.reflexo_jogador AS reflexo,
    aj.hp_jogador AS mente
FROM jogador AS j
INNER JOIN atributo_jogador AS aj
ON j.id_jogador = aj.id_jogadorFK
INNER JOIN raca AS r
ON r.id_raca = aj.id_racaFK 
INNER JOIN classe AS c
ON c.id_classe = aj.id_classeFK
INNER JOIN habilidade AS h
ON h.id_habilidade = aj.id_habilidadeFK
ORDER BY id_jogador;

-- conta quantos jogadores tem de cada raca
SELECT
    r.nome_raca,
    COUNT(aj.id_jogadorFK) AS total_jogadores_por_raca
FROM raca AS r
JOIN atributo_jogador AS aj 
ON r.id_raca = aj.id_racaFK
GROUP BY r.nome_raca;         

-- conta quantos jogadores tem de cada classe
SELECT
    c.nome_classe,
    COUNT(aj.id_jogadorFK) AS total_jogadores_por_classe
FROM classe AS c
JOIN atributo_jogador AS aj 
ON c.id_classe = aj.id_classeFK
GROUP BY c.nome_classe